{
  "version": 1,
  "author": "Anonymous maker",
  "editor": "wokwi",
  "parts": [
    { "type": "wokwi-breadboard", "id": "bb1", "top": 35.4, "left": -16.4, "attrs": {} },
    {
      "type": "board-esp32-devkit-c-v4",
      "id": "esp",
      "top": 277.26,
      "left": 179.3,
      "rotate": 270,
      "attrs": {}
    },
    {
      "type": "wokwi-led",
      "id": "led1",
      "top": 111.6,
      "left": 128.6,
      "attrs": { "color": "purple" }
    },
    {
      "type": "wokwi-led",
      "id": "led2",
      "top": 111.6,
      "left": 147.8,
      "attrs": { "color": "purple" }
    },
    {
      "type": "wokwi-led",
      "id": "led3",
      "top": 111.6,
      "left": 167,
      "attrs": { "color": "purple" }
    },
    {
      "type": "wokwi-led",
      "id": "led4",
      "top": 111.6,
      "left": 186.2,
      "attrs": { "color": "purple" }
    },
    {
      "type": "wokwi-led",
      "id": "led5",
      "top": 111.6,
      "left": 263,
      "attrs": { "color": "magenta" }
    },
    {
      "type": "wokwi-led",
      "id": "led6",
      "top": 111.6,
      "left": 243.8,
      "attrs": { "color": "magenta" }
    },
    {
      "type": "wokwi-led",
      "id": "led7",
      "top": 111.6,
      "left": 224.6,
      "attrs": { "color": "magenta" }
    },
    {
      "type": "wokwi-led",
      "id": "led8",
      "top": 111.6,
      "left": 205.4,
      "attrs": { "color": "magenta" }
    },
    {
      "type": "wokwi-pushbutton",
      "id": "btn1",
      "top": 284.6,
      "left": 326.4,
      "attrs": { "color": "green" }
    }
  ],
  "connections": [
    [ "esp:TX", "$serialMonitor:RX", "", [] ],
    [ "esp:RX", "$serialMonitor:TX", "", [] ],
    [ "esp:GND.2", "bb1:bn.10", "black", [ "v-9.6", "h-28.8" ] ],
    [ "bb1:bn.11", "bb1:15b.j", "black", [ "v0" ] ],
    [ "bb1:bn.13", "bb1:17b.j", "black", [ "v0" ] ],
    [ "bb1:bn.15", "bb1:19b.j", "black", [ "v0" ] ],
    [ "bb1:bn.16", "bb1:21b.j", "black", [ "v0" ] ],
    [ "bb1:bn.18", "bb1:23b.j", "black", [ "v0" ] ],
    [ "bb1:bn.20", "bb1:25b.j", "black", [ "v0" ] ],
    [ "bb1:bn.21", "bb1:27b.j", "black", [ "v0" ] ],
    [ "bb1:bn.23", "bb1:29b.j", "black", [ "v0" ] ],
    [ "led4:A", "bb1:22b.f", "", [ "$bb" ] ],
    [ "led4:C", "bb1:21b.f", "", [ "$bb" ] ],
    [ "led3:A", "bb1:20b.f", "", [ "$bb" ] ],
    [ "led3:C", "bb1:19b.f", "", [ "$bb" ] ],
    [ "led2:A", "bb1:18b.f", "", [ "$bb" ] ],
    [ "led2:C", "bb1:17b.f", "", [ "$bb" ] ],
    [ "bb1:16b.j", "esp:23", "purple", [ "v134.4", "h9.6" ] ],
    [ "bb1:18b.j", "esp:22", "purple", [ "v0" ] ],
    [ "bb1:20b.j", "esp:21", "purple", [ "v134.4", "h9.6" ] ],
    [ "esp:19", "bb1:22b.j", "purple", [ "v-9.6", "h-9.6" ] ],
    [ "esp:5", "bb1:24b.j", "magenta", [ "v-9.6", "h-9.6" ] ],
    [ "bb1:26b.j", "esp:17", "magenta", [ "v0" ] ],
    [ "bb1:28b.j", "esp:4", "magenta", [ "v0" ] ],
    [ "bb1:30b.j", "esp:2", "magenta", [ "v0" ] ],
    [ "btn1:1.l", "esp:15", "green", [ "h0" ] ],
    [ "led8:A", "bb1:24b.f", "", [ "$bb" ] ],
    [ "led8:C", "bb1:23b.f", "", [ "$bb" ] ],
    [ "led7:A", "bb1:26b.f", "", [ "$bb" ] ],
    [ "led7:C", "bb1:25b.f", "", [ "$bb" ] ],
    [ "led6:A", "bb1:28b.f", "", [ "$bb" ] ],
    [ "led6:C", "bb1:27b.f", "", [ "$bb" ] ],
    [ "led5:A", "bb1:30b.f", "", [ "$bb" ] ],
    [ "led5:C", "bb1:29b.f", "", [ "$bb" ] ],
    [ "bb1:bn.10", "bb1:bn.11", "green", [ "v0" ] ],
    [ "btn1:2.r", "bb1:bn.35", "black", [ "h0" ] ],
    [ "led1:A", "bb1:16b.f", "", [ "$bb" ] ],
    [ "led1:C", "bb1:15b.f", "", [ "$bb" ] ]
  ],
  "dependencies": {}
}